eigenvalue,norm
0.016435363522333775,60.84441020371192
0.31689796981099955,60.84441020371192
